{"Srividya Sridharan": 887.2068965517242, "Eveline Oehrlich": 644.3233082706766, "Cheryl McKinnon": 345.61538461538464, "Ryan Skinner": 341.125, "Jason McNellis": 171.0, "Nate Elliott": 813.0325203252032, "Laura Koetzle": 540.0291262135922, "Scott Santucci": 284.1875, "Diego Lo Giudice": 644.3947368421053, "Andrew Smith": 553.4468085106383, "Christian Kane": 732.6818181818181, "Michele Pelino": 625.0365853658536, "Mary Pilecki": 743.0625, "Khalid Kark": 738.2637362637363, "Boris Evelson": 1157.703125, "Frank Liu": 172.66666666666666, "Denee Carrington": 790.0, "Ted Schadler": 803.2403846153846, "Michelle Beeson": 119.0, "Kurt Bittner": 336.2352941176471, "Xiaofeng Wang": 179.88888888888889, "Catherine Graeber": 490.0263157894737, "Fiona Adler": 273.38461538461536, "Manish Bahl": 122.07407407407408, "Michelle de Lussanet": 688.7018633540373, "Deanna Laufer": 452.0, "Ellen Carney": 530.4310344827586, "Stephen Powers": 888.8064516129032, "James Staten": 1048.0657894736842, "Gordon Barnett": 394.37142857142857, "Peter Sheldon": 690.4912280701755, "Susan Huynh": 209.47368421052633, "Richard Fichera": 598.7096774193549, "Christopher McClean": 646.4647887323944, "Samuel Stern": 572.7777777777778, "Peter Burris": 608.1595744680851, "Liz Herbert": 477.5580357142857, "Jitender Miglani": 51.0, "Victoria Bough": 2887.0, "Art Schoeller": 537.9473684210526, "Ed Ferrara": 536.4375, "James L. McQuivey, Ph.D.": 672.8521739130434, "Alex Cullen": 924.4977973568282, "Elizabeth Komar": 626.2790697674419, "Craig Le Clair": 955.8067226890756, "Sucharita Mulpuru": 1023.3941605839416, "Chelsea Hammond, Ph.D.": 266.6666666666667, "Andrew Peach": 0.42857142857142855, "Alan Weintraub": 752.0909090909091, "Josh Bernoff": 1173.646017699115, "Frederic Giron": 215.4857142857143, "Brian Hopkins": 917.0, "Katyayan Gupta": 241.83333333333334, "Andrew Rose": 597.578947368421, "Susan Bidel": 233.0, "Melissa Parrish": 744.4893617021277, "David Truog": 772.012987012987, "Pascal Matzke": 625.6196319018405, "Kevin Lucas": 315.21875, "Michael Speyer": 383.875, "Jill Chiara": 690.0, "Andrew Bartels": 836.8742857142857, "Gene Cao": 133.8421052631579, "Mark Bartrick": 286.77272727272725, "Vikram Sehgal": 513.8888888888889, "Clement Teo": 172.5, "Bryan Wang": 201.2941176470588, "Eve Maler": 572.6052631578947, "Henry Peyret": 732.6260869565217, "Tracy Stokes": 526.5, "James McDavid": 669.1159420289855, "Jennifer Wise": 901.0916030534352, "Bobby Cameron": 853.0444444444445, "Lori Wizdo": 303.9142857142857, "John C. McCarthy": 654.92, "Rick Holland": 433.8787878787879, "David M. Cooperstein": 617.8260869565217, "Paul Hagen": 991.3488372093024, "Oliwia Berdak": 179.4, "Sharyn Leaver": 704.030701754386, "Andras Cser": 791.18, "Stefan Ried, Ph.D.": 982.5135135135135, "Jennifer Belissent, Ph.D.": 571.7450980392157, "Dean Davison": 265.61538461538464, "Manatosh Das": 121.5, "Alastair Behenna": 200.5, "Clay Richardson": 730.3333333333334, "Amy DeMartine": 447.3333333333333, "David Aponovich": 475.42857142857144, "J. P. Gownder": 581.0347826086957, "Molly Huie": 325.5, "Christine Spivey Overby": 900.6204819277109, "Jeff Wray": 13.857142857142858, "John Rakowski": 413.60869565217394, "Luca S. Paderni": 528.6071428571429, "Randy Heffner": 823.2356687898089, "Patti Freeman Evans": 884.5047169811321, "Anjali Yakkundi": 827.223880597015, "Andy Hoar": 598.6086956521739, "Mike Gualtieri": 978.1111111111111, "Emily Collins": 754.7083333333334, "Michael O'Grady": 143.25806451612902, "Leslie Owens": 673.4426229508197, "Joana van den Brink-Quintanilha": 382.4, "Philipp Karcher": 665.1747572815534, "Holger Kisker, Ph.D.": 789.6288659793814, "Jost Hoppermann": 697.7169811320755, "Norbert Kriebel": 218.61904761904762, "Christopher Voce": 649.10625, "John Kindervag": 712.2, "Julie A. Ask": 983.9230769230769, "Aurelie L'Hostis": 741.0, "Jonathan Browne": 486.2, "Dan Bieler": 594.3888888888889, "Lauren E. Nelson": 853.8545454545455, "William Martorelli": 636.921052631579, "John R. Rymer": 928.9438775510204, "Jim Nail": 428.6666666666667, "Harley Manning": 765.3896551724138, "Michele Goetz": 557.48, "Megan Burns": 938.3272727272728, "Dane Anderson": 63.65436241610738, "Thomas Husson": 964.0521739130435, "Sudhanshu Bhandari": 179.66666666666666, "Martha Bennett": 513.6666666666666, "Nupur Singh Singh": 43.5, "Gene Leganza": 870.9224489795919, "Stephanie Balaouras": 722.4828571428571, "Charlie Dai": 127.25, "Claire Schooley": 723.5483870967741, "Rowan Curran": 774.0487804878048, "Kelland Willis": 422.8, "Kate Leggett": 755.2, "Nick Hayes": 616.921052631579, "George Lawrie": 709.4545454545455, "Henry Baltazar": 393.53333333333336, "Peter O'Neill": 555.3280423280423, "Carlton A. Doty": 701.2424242424242, "Maxie Schmidt-Subramanian": 531.1666666666666, "Brendan Witcher": 186.0, "Kyle McNabb": 845.1, "Dave Bartoletti": 694.6190476190476, "Duncan Jones": 541.9901960784314, "Fatemeh Khatibloo": 471.390243902439, "Chris Sherman": 647.75, "Tony Costa": 481.8888888888889, "Kim Celestre": 716.8928571428571, "Michael Yamnitsky": 642.9555555555555, "Jean-Pierre Garbani": 600.1638418079096, "Shaheen Parks": 1901.0, "Reineke Reitsma": 356.5113636363636, "Peter Wannemacher": 649.3525179856115, "David K. Johnson": 458.6363636363636, "John Dalton": 578.8478260869565, "Chris Andrews": 429.3504823151125, "Shar VanBoskirk": 779.7194570135747, "Andrew Stockwell": 252.0, "Skip Snow": 156.33333333333334, "Moira Dorsey": 650.1333333333333, "Stephen Walker": 354.5833333333333, "Allison Smith": 824.5604395604396, "Zia Daniell Wigder": 617.14375, "Phil Murphy": 780.4495412844037, "Michael Barnes": 148.04132231404958, "Nigel Fenwick": 780.140625, "Derek Miers": 644.8095238095239, "Ron Rogowski": 639.6208791208791, "Tina Moffett": 469.0, "Jon Erickson": 998.8125, "Charles Green": 516.1739130434783, "TJ Keitt": 645.0421052631579, "Kelley Mak": 617.975, "Tim Sheedy": 361.5652173913044, "Anjali Lai": 90.4375, "Andre Kindness": 681.7878787878788, "Margo Visitacion": 915.8260869565217, "Wolfgang Benkel": 588.3125, "Chip Gliedman": 575.6766917293234, "Jeffrey S. Hammond": 807.1625, "Ryan Morrill": 198.53521126760563, "Sheryl Pattek": 354.38461538461536, "Lutz Peichert": 419.89473684210526, "Gina Fleming": 377.62857142857143, "Samantha Yanling Jaddou": 358.125, "Brad Bortner": 468.3, "Rob Koplowitz": 914.1682242990654, "Benjamin Ensor": 646.4125, "Craig Menzies": 319.0, "Rachel Roizen": 219.4, "Grey Held": 1.0, "Laura Ramos": 654.8505747126437, "Tyler Shields": 247.76470588235293, "Lily Varon": 684.8952380952381, "Jody Sarno": 237.5, "Frank E. Gillett": 645.8558558558559, "Courtney Bartlett": 289.625, "Sophia I. Vargas": 425.5964912280702, "Cory Munchbach": 655.2738095238095, "Renee Murphy": 278.93333333333334, "John Kirkland": 136.0, "John Brand": 64.09345794392523, "Martin Gill": 616.55, "Mark Lindwall": 118.16666666666667, "Michelle Ferreira": 2.0, "Rick Parrish": 108.66666666666667, "Glenn O'Donnell": 760.6612903225806, "Carrie Johnson": 674.1063829787234, "Paul D. Hamerman": 775.6486486486486, "Roxana Strohmenger": 385.7291666666667, "Noel Yuhanna": 868.561797752809, "Bill Doyle": 523.6534653465346, "Marc Cecere": 980.2385321100918, "Doug Washburn": 585.09375, "Michael Facemire": 487.6, "Anthony Mullen": 597.8620689655172, "Adam Silverman": 357.0, "Henning Dransfeld": 154.0, "Heidi Shey": 640.962441314554, "Mark Grannan": 384.41379310344826, "Christopher Mines": 780.9344978165939, "James McCormick": 700.125}